1845,106,Birch
1152,923,Palm
1826,929,Birch
1934,2,Palm
1792,1792,MaidenhairTree
690,1990,PlaneTree
889,1898,Cedar
1555,163,Polar
1251,238,Pine
491,1194,MaidenhairTree
663,1422,Cedar
1164,1092,Pine
1394,1286,Pine
667,963,Birch
481,961,Cedar
1709,799,Cedar
817,166,Pine
1464,284,MaidenhairTree
1638,1875,Polar
1290,645,MaidenhairTree
1489,88,Palm
423,743,Cedar
1002,262,Pine
412,1847,Palm
88,792,Palm
110,403,Polar
651,1824,MaidenhairTree
244,749,Pine
1018,746,Cedar
1596,834,Palm
1399,1993,Birch
632,796,Polar
728,1272,Cedar
1824,715,PlaneTree
1501,897,PlaneTree
1044,1734,Pine
66,111,MaidenhairTree
205,383,Pine
52,215,MaidenhairTree
694,1558,PlaneTree
23,1250,PlaneTree
1521,1198,Palm
362,1445,Polar
1581,1331,Polar
455,587,Pine
1064,683,PlaneTree
1266,42,PlaneTree
1932,1280,Pine
1299,593,Palm
284,714,Cedar
1088,890,Birch
1561,1499,Polar
601,783,Cedar
1545,1482,Polar
1067,1754,MaidenhairTree
1741,447,Cedar
1957,1134,PlaneTree
190,878,PlaneTree
127,1735,PlaneTree
1366,483,MaidenhairTree
315,1407,PlaneTree
1089,1388,Cedar
1803,1215,Pine
682,9,MaidenhairTree
292,1760,Palm
1624,55,PlaneTree
1720,1896,PlaneTree
371,1221,Pine
545,940,Palm
1176,1769,Cedar
1737,571,Polar
692,1892,Polar
668,40,Birch
1227,892,Pine
607,942,Palm
516,603,Palm
129,1821,Cedar
685,1790,Cedar
1153,773,Birch
494,760,Cedar
1117,756,MaidenhairTree
560,1665,Cedar
616,832,PlaneTree
439,430,Pine
1691,905,Polar
428,134,Cedar
1529,333,Birch
680,296,Palm
711,1930,Palm
1180,405,Palm
134,1285,Birch
760,1508,Palm
1344,1979,MaidenhairTree
1689,1687,Polar
90,314,Polar
1350,716,Palm
61,1479,Birch
1909,1576,MaidenhairTree
1882,1650,Pine
1070,384,Birch
1771,1434,PlaneTree
303,1485,Polar
1670,1949,MaidenhairTree
1548,982,Polar
1714,1736,PlaneTree
1178,441,MaidenhairTree
1368,1951,Birch
1931,644,MaidenhairTree
1977,728,PlaneTree
1590,1514,Palm
892,1719,PlaneTree
1772,943,MaidenhairTree
957,579,PlaneTree
305,1192,PlaneTree
368,454,Polar
1309,1491,Cedar
637,1318,Palm
780,1412,PlaneTree
1552,1787,Cedar
980,1608,MaidenhairTree
1804,1915,Birch
1115,1633,PlaneTree
588,1019,Pine
1233,463,Pine
1631,507,Birch
791,1047,PlaneTree
175,883,PlaneTree
1704,1238,Cedar
1342,643,Pine
136,757,Palm
222,509,Cedar
1043,6,Polar
795,1817,Pine
340,655,PlaneTree
781,537,Pine
1236,1618,MaidenhairTree
1085,1105,Pine
107,646,Birch
391,1332,Pine
1423,254,Palm
1889,173,Palm
119,1885,PlaneTree
1460,1078,PlaneTree
1503,1578,Palm
394,1642,Polar
586,939,MaidenhairTree
1910,1603,MaidenhairTree
311,1385,MaidenhairTree
890,1472,Cedar
330,1002,Polar
1132,59,MaidenhairTree
1747,91,Polar
1229,1077,Polar
513,1492,Polar
1177,879,Birch
636,654,Cedar
1107,1022,Polar
1171,256,MaidenhairTree
508,1504,Birch
400,1158,Polar
1378,1574,PlaneTree
755,1075,PlaneTree
67,473,Birch
1293,1014,PlaneTree
232,583,Polar
1106,1003,Birch
1129,530,PlaneTree
1461,182,Birch
836,695,MaidenhairTree
347,413,Cedar
1690,1864,Birch
884,1656,Palm
402,989,MaidenhairTree
1522,1375,PlaneTree
975,1752,Birch
34,10,Pine
483,1987,Polar
1058,1396,Palm
1337,1657,Birch
701,955,Cedar
141,1636,MaidenhairTree
658,315,Palm
745,911,Polar
1540,1922,PlaneTree
1722,1429,Polar
1990,1494,MaidenhairTree
1820,13,Cedar
799,1043,PlaneTree
1599,842,PlaneTree
1843,556,MaidenhairTree
174,1366,Cedar
1318,1814,Palm
949,1544,Pine
1395,1071,PlaneTree
1463,1296,Pine
555,569,Birch
480,368,Cedar
1478,637,Cedar
1300,1306,PlaneTree
1041,1416,Birch
1218,167,Cedar
905,519,PlaneTree
1324,996,PlaneTree
939,1218,PlaneTree
1447,1957,Pine
1736,594,Birch
898,1563,PlaneTree
249,1811,Cedar
563,1035,MaidenhairTree
1258,174,PlaneTree
666,350,Birch
267,687,PlaneTree
1563,1570,Pine
132,353,Cedar
1323,1777,Polar
821,1007,Palm
509,1680,Palm
1022,227,Polar
254,1727,Cedar
724,974,MaidenhairTree
366,1928,PlaneTree
1431,61,Palm
1230,1424,Cedar
1687,1309,PlaneTree
363,129,Birch
1120,1718,Cedar
691,1026,Pine
862,236,PlaneTree
1490,479,Pine
201,1253,MaidenhairTree
1313,376,Polar
1475,5,Polar
785,476,Pine
1662,1833,Palm
1444,360,Cedar
1149,1549,Pine
272,1666,Cedar
642,1881,PlaneTree
1721,341,Birch
86,1921,Palm
1951,149,Palm
869,180,Pine
1168,872,Polar
1980,112,PlaneTree
820,142,Palm
307,619,PlaneTree
227,1601,PlaneTree
102,1480,MaidenhairTree
295,1533,Birch
1278,3,Pine
1108,813,Polar
1210,1589,Polar
1325,1436,Pine
1893,720,MaidenhairTree
879,1913,Polar
1992,661,PlaneTree
1288,1226,Pine
1095,1532,Palm
809,1391,PlaneTree
543,1126,Cedar
856,241,MaidenhairTree
1846,1653,Cedar
1338,1529,PlaneTree
416,283,PlaneTree
829,1543,Palm
1773,763,Cedar
1949,1748,Cedar
1063,772,Cedar
1005,543,Pine
610,18,MaidenhairTree
424,506,Birch
1994,1087,Polar
917,1594,Cedar
97,43,PlaneTree
1510,1400,Pine
1751,1575,Birch
1620,1643,MaidenhairTree
1945,1823,Birch
766,351,Polar
1074,1785,PlaneTree
652,387,MaidenhairTree
1125,1584,MaidenhairTree
918,1755,Birch
515,1365,MaidenhairTree
17,27,Cedar
1007,412,MaidenhairTree
584,558,Polar
30,1102,Polar
1403,1086,Birch
355,611,MaidenhairTree
1794,831,Pine
486,1423,Palm
789,162,Cedar
1572,1841,PlaneTree
1937,1484,Pine
661,1358,Polar
1767,1534,Pine
1566,740,PlaneTree
1835,83,Palm
988,188,Birch
741,724,Palm
725,1038,Birch
1677,1766,Cedar
1000,754,Pine
1424,1180,Palm
1634,544,PlaneTree
1415,803,Pine
916,1201,PlaneTree
510,331,Pine
226,676,Polar
734,109,Pine
106,1374,MaidenhairTree
1798,1190,Polar
1262,1056,Palm
1712,53,MaidenhairTree
1448,1040,PlaneTree
310,1678,PlaneTree
1657,993,Polar
542,7,Cedar
1361,1829,MaidenhairTree
1484,864,Palm
38,279,Birch
1861,1919,Birch
1648,825,Cedar
1629,1667,Cedar
1389,1406,Polar
1400,904,Cedar
43,1936,Palm
216,1246,MaidenhairTree
1492,1049,Cedar
431,1456,Pine
729,1435,Pine
1986,456,PlaneTree
1072,25,PlaneTree
144,1606,MaidenhairTree
1162,435,MaidenhairTree
1488,229,Polar
1728,1027,Pine
962,397,Birch
502,673,Birch
189,414,PlaneTree
1922,1353,PlaneTree
1549,1503,Polar
1671,795,PlaneTree
1706,482,Cedar
533,271,Polar
1417,1184,Birch
1730,1205,PlaneTree
638,141,Palm
1179,1542,PlaneTree
1348,907,Cedar
1598,869,Palm
115,1181,Pine
1685,1878,Palm
1917,29,Polar
328,12,Polar
121,446,Polar
83,266,MaidenhairTree
681,500,Pine
1630,817,Polar
1735,1973,MaidenhairTree
1154,468,Cedar
1009,1004,Polar
602,1632,Birch
1094,1663,PlaneTree
241,528,Birch
511,1561,Pine
1953,1640,Polar
1672,1325,Polar
456,896,Palm
1390,1347,PlaneTree
1918,866,Polar
1047,186,Pine
378,1232,Birch
1518,1828,Cedar
803,290,PlaneTree
1942,1245,MaidenhairTree
1554,625,MaidenhairTree
1021,1940,Polar
1539,1590,MaidenhairTree
476,1488,Polar
1435,1179,Birch
865,1083,PlaneTree
214,1267,Polar
322,313,Pine
1174,841,Cedar
185,1090,Palm
1833,1289,Birch
1650,1173,Polar
1287,977,Birch
1080,1141,PlaneTree
1810,1459,Palm
742,1776,Cedar
108,1288,MaidenhairTree
1565,733,Palm
1654,125,Birch
808,1545,Palm
1606,1408,Palm
79,498,Pine
783,216,Cedar
346,667,PlaneTree
1865,302,Cedar
1955,1801,PlaneTree
26,1052,Palm
1960,1258,Pine
1813,1498,Pine
275,1217,Cedar
1285,522,PlaneTree
522,404,Cedar
1491,285,PlaneTree
1791,758,Polar
135,1812,Cedar
99,1786,Polar
1746,355,Polar
1673,1257,MaidenhairTree
909,226,Polar
1296,1905,Palm
507,682,Birch
437,1428,PlaneTree
467,1231,Cedar
1991,369,Pine
1850,612,Pine
1930,1121,Polar
1316,1743,MaidenhairTree
562,1916,Pine
457,50,Cedar
82,899,Polar
945,684,PlaneTree
1570,1103,Pine
683,674,PlaneTree
548,432,Birch
1092,1070,Pine
1405,1507,Pine
228,1256,Pine
1595,371,MaidenhairTree
470,1546,PlaneTree
76,545,Birch
1812,1694,Birch
1198,1527,Birch
172,689,PlaneTree
1870,409,Pine
435,1677,Pine
1003,205,Pine
1854,1310,Polar
1480,1588,Cedar
1533,385,MaidenhairTree
1441,293,PlaneTree
71,497,Pine
361,325,Polar
955,332,Birch
1493,402,Birch
1247,501,MaidenhairTree
920,1758,Birch
19,1304,Birch
8,23,Polar
590,517,Cedar
863,1510,PlaneTree
1583,938,Palm
1902,969,Polar
1284,1255,Birch
487,15,Birch
1099,1376,MaidenhairTree
710,1506,Cedar
1999,1711,Cedar
1584,1925,Pine
752,440,Pine
1349,502,Birch
155,1183,PlaneTree
1811,508,Polar
1426,1605,Polar
1192,1746,Cedar
1376,1330,Polar
697,62,Pine
1181,801,Polar
759,936,Polar
235,531,Cedar
1128,1116,Pine
1726,640,Birch
1801,651,MaidenhairTree
593,1039,Polar
1039,1112,Pine
1777,620,MaidenhairTree
1950,406,Pine
1133,1297,Cedar
1973,1768,Palm
1619,555,Birch
1379,712,Pine
523,1287,Palm
187,991,Palm
9,657,PlaneTree
1963,213,Cedar
1643,1048,Polar
376,1316,PlaneTree
1608,1166,MaidenhairTree
530,1721,Palm
1903,1831,Palm
1921,1324,Birch
1006,393,Cedar
1938,66,Palm
805,1336,Pine
874,546,Palm
1883,320,MaidenhairTree
1468,1010,Palm
1034,49,Birch
1306,971,Palm
407,656,Birch
1122,1082,Pine
1277,861,Polar
441,1124,MaidenhairTree
719,1088,Cedar
1473,1799,Birch
1702,1917,Cedar
365,696,MaidenhairTree
297,615,Polar
665,1188,MaidenhairTree
1978,252,MaidenhairTree
1367,1069,Cedar
767,671,Palm
1815,17,Pine
1336,247,Birch
246,1856,Pine
867,1303,PlaneTree
122,1168,Palm
812,466,Polar
1896,366,MaidenhairTree
761,1869,PlaneTree
1062,1912,Birch
1205,1637,Cedar
1802,1897,MaidenhairTree
875,1224,Cedar
1211,1266,Cedar
1880,1033,Birch
849,1731,Cedar
336,1909,Palm
777,1493,Birch
628,1161,PlaneTree
1783,856,Palm
764,1710,Cedar
1738,444,Birch
1375,585,Cedar
1311,299,Pine
1760,557,Pine
1711,510,Cedar
793,1463,Pine
248,1500,Polar
39,747,Pine
726,934,Cedar
1727,1187,Birch
1956,1509,Palm
163,1717,PlaneTree
1269,428,Cedar
1866,194,PlaneTree
1732,235,Palm
60,1670,Birch
323,914,Birch
1182,1712,Pine
1204,868,Cedar
570,1036,Pine
1697,1390,PlaneTree
1474,1560,Birch
1693,1745,Pine
454,623,Palm
89,56,Pine
1103,1965,Birch
520,818,Polar
1231,1249,Cedar
859,959,Palm
1273,952,MaidenhairTree
153,1384,Birch
165,240,Pine
1146,1693,Birch
75,361,Cedar
1582,1873,Birch
1750,1747,PlaneTree
140,118,PlaneTree
655,729,Polar
1024,1264,PlaneTree
91,820,MaidenhairTree
839,197,Birch
810,835,Birch
709,900,MaidenhairTree
984,1302,Pine
1013,602,PlaneTree
392,358,Pine
10,885,Polar
450,135,Birch
1113,690,Cedar
556,1170,Pine
561,1954,Pine
1916,99,Cedar
654,458,MaidenhairTree
259,244,Cedar
299,1883,Birch
911,1862,PlaneTree
738,1796,Birch
1069,438,Birch
604,234,Birch
861,70,PlaneTree
788,981,PlaneTree
748,711,PlaneTree
662,1716,Birch
539,209,Pine
1701,1593,Birch
868,1204,Cedar
176,110,Cedar
1281,1067,Palm
492,493,MaidenhairTree
1651,1568,Pine
1257,179,Birch
1586,595,PlaneTree
1275,1273,PlaneTree
308,1061,PlaneTree
1381,1403,MaidenhairTree
1666,344,PlaneTree
1404,379,MaidenhairTree
1547,1025,PlaneTree
484,138,PlaneTree
1646,1442,Palm
1588,1230,Birch
177,80,Palm
1887,196,PlaneTree
1380,704,Palm
85,1872,Cedar
1439,37,Pine
1699,33,Polar
278,488,Palm
913,433,PlaneTree
959,436,PlaneTree
886,554,Cedar
582,1654,Birch
1383,1638,Birch
1104,328,Cedar
1020,1723,MaidenhairTree
1060,349,MaidenhairTree
501,1131,Cedar
1857,1001,MaidenhairTree
621,677,PlaneTree
317,1587,Birch
910,203,Cedar
96,984,Polar
1858,96,Cedar
1265,1219,Polar
1762,912,Birch
1033,810,Palm
1121,1276,Palm
906,504,Cedar
193,345,PlaneTree
1653,1994,Pine
1805,31,Birch
433,89,Polar
1188,469,PlaneTree
903,1417,Polar
540,1725,Birch
1017,1291,PlaneTree
801,1528,Cedar
968,323,MaidenhairTree
31,1538,Polar
851,1213,Pine
1898,970,MaidenhairTree
952,276,Polar
1083,287,PlaneTree
1144,1481,PlaneTree
1705,1737,Cedar
195,1483,Polar
1071,155,Palm
1542,301,MaidenhairTree
598,1639,Cedar
987,699,Pine
914,451,MaidenhairTree
1054,102,Pine
221,1421,PlaneTree
1667,840,Birch
823,793,Palm
792,71,Birch
1781,367,Cedar
1391,781,MaidenhairTree
1558,1974,Pine
1577,824,Polar
446,1355,PlaneTree
1856,334,Birch
855,1924,Cedar
549,86,Birch
194,627,Palm
1387,1389,Pine
578,604,Polar
1160,39,Birch
279,1386,Pine
1972,1519,Palm
1239,1802,Cedar
743,74,PlaneTree
463,1239,MaidenhairTree
1958,1107,PlaneTree
325,251,PlaneTree
1124,903,Polar
609,1076,Polar
1138,816,Birch
1524,664,PlaneTree
999,1348,Birch
1807,1182,Birch
179,859,Birch
1077,237,Birch
634,503,Palm
1908,1233,Cedar
1434,452,PlaneTree
1935,600,PlaneTree
351,707,Palm
1716,1600,Palm
1101,686,Pine
65,364,Pine
977,734,Cedar
825,812,MaidenhairTree
377,1981,Pine
415,1211,Palm
1838,679,Birch
643,1644,Birch
1877,1699,Palm
242,1939,Polar
1989,1628,PlaneTree
156,745,Palm
1358,1165,Polar
161,1030,PlaneTree
1579,946,PlaneTree
1477,1820,Birch
337,1119,Palm
1030,148,PlaneTree
1674,230,Polar
1363,1742,Cedar
1040,1495,MaidenhairTree
1228,1350,Cedar
1075,887,Pine
797,1789,PlaneTree
142,1394,Birch
1261,596,Polar
753,1290,Birch
1084,44,Palm
1413,597,Pine
525,158,MaidenhairTree
620,457,Pine
44,1867,Birch
1823,658,Birch
1466,1041,Cedar
960,1525,PlaneTree
1748,1683,PlaneTree
409,1234,PlaneTree
876,1825,Birch
15,499,Cedar
1661,1950,PlaneTree
116,127,Cedar
1505,1983,Birch
197,632,Birch
468,348,Birch
845,535,Pine
196,1405,MaidenhairTree
1768,1615,MaidenhairTree
594,1156,PlaneTree
1440,492,Birch
1057,399,Pine
203,1101,Birch
1679,748,PlaneTree
1355,21,Pine
946,1763,PlaneTree
1511,286,Birch
186,809,Birch
1026,1197,MaidenhairTree
1500,717,MaidenhairTree
286,1795,MaidenhairTree
1683,880,Pine
146,324,Palm
504,1700,Pine
677,567,Palm
265,1478,Palm
773,1464,Polar
1723,1254,Pine
288,931,PlaneTree
818,559,Palm
629,1870,Palm
1411,588,Birch
338,346,MaidenhairTree
1052,1861,Pine
1840,1151,Pine
1848,1449,Polar
384,448,Birch
840,774,Pine
673,72,Cedar
349,157,Birch
152,1315,MaidenhairTree
356,104,Cedar
966,1843,Cedar
1859,605,Polar
6,633,Polar
1502,873,MaidenhairTree
1532,1753,MaidenhairTree
961,516,Birch
485,416,Pine
1827,273,Polar
922,1425,Pine
923,400,MaidenhairTree
1594,1884,MaidenhairTree
848,954,Birch
713,738,MaidenhairTree
263,1068,Pine
722,761,Cedar
1797,1886,Palm
1237,1117,MaidenhairTree
1203,1562,Birch
313,1193,Birch
1328,1907,PlaneTree
294,1709,MaidenhairTree
1319,540,Birch
59,177,Palm
512,578,Pine
282,1175,Pine
245,846,Cedar
971,1100,Palm
572,752,Birch
737,727,Palm
421,1415,Pine
721,32,MaidenhairTree
1725,98,Palm
219,805,Birch
1897,69,Pine
1695,411,PlaneTree
1968,1773,Cedar
550,1986,PlaneTree
109,1808,Palm
429,950,Palm
41,1497,Birch
414,1851,Pine
1112,538,Polar
1832,1778,Birch
1954,850,MaidenhairTree
1905,1566,Cedar
426,1450,Pine
364,1602,Palm
1864,1547,Cedar
128,1850,Cedar
921,1871,Palm
1467,1326,Birch
841,90,PlaneTree
1948,1798,MaidenhairTree
21,979,Polar
1314,624,PlaneTree
131,201,MaidenhairTree
1045,380,Pine
751,1852,Palm
335,1874,Polar
151,591,Polar
474,1676,PlaneTree
137,862,Polar
1914,1577,MaidenhairTree
1079,117,PlaneTree
1688,1011,Pine
1504,1148,Cedar
293,1655,Birch
600,398,Cedar
816,1550,PlaneTree
527,1845,Polar
149,1705,MaidenhairTree
1272,1890,Cedar
703,249,Birch
1536,1515,Palm
181,1904,Pine
1255,232,PlaneTree
894,1927,Cedar
40,190,Polar
1155,948,Polar
1476,1387,Birch
1534,84,Polar
733,1413,Pine
324,48,Polar
1412,1337,Birch
460,1091,PlaneTree
614,151,PlaneTree
51,725,Pine
1808,460,PlaneTree
1997,913,MaidenhairTree
1933,616,Polar
1836,1383,Polar
264,575,PlaneTree
1614,577,Polar
1397,1793,Polar
948,529,Polar
746,650,Palm
1884,1961,PlaneTree
1649,1284,PlaneTree
900,178,MaidenhairTree
1406,1934,Pine
1809,1017,Cedar
993,790,MaidenhairTree
798,1539,PlaneTree
517,806,Palm
1947,613,Cedar
1621,1816,Polar
1600,586,Polar
1409,735,MaidenhairTree
1453,1943,Polar
1100,64,MaidenhairTree
1873,35,Birch
1008,844,Cedar
1235,1857,PlaneTree
1175,851,Palm
1377,1064,Polar
1450,1689,Polar
1183,1223,Cedar
253,269,Polar
641,1810,Palm
139,919,PlaneTree
466,1613,Pine
696,1489,Palm
1589,1063,Palm
1686,248,Pine
646,1651,MaidenhairTree
1082,0,MaidenhairTree
344,1072,Pine
1578,617,PlaneTree
314,1935,Palm
1276,419,PlaneTree
1226,233,Polar
775,951,Cedar
1530,1599,MaidenhairTree
1610,1698,MaidenhairTree
941,146,Cedar
471,1780,Polar
1665,648,MaidenhairTree
188,1382,Birch
372,267,Polar
473,298,Cedar
1996,1692,Polar
18,1236,Palm
938,845,PlaneTree
1769,895,Birch
1675,304,PlaneTree
57,1299,Polar
482,1467,PlaneTree
1983,437,MaidenhairTree
231,1668,Polar
1202,1167,Birch
374,1853,MaidenhairTree
35,1118,Palm
608,1281,Polar
1354,636,Polar
1472,41,Palm
1822,1045,Birch
1408,1634,Cedar
380,401,Pine
479,1343,MaidenhairTree
1250,1305,PlaneTree
1926,1196,Birch
702,898,Birch
625,570,Pine
1920,1988,MaidenhairTree
159,811,Palm
847,1477,Polar
1329,78,MaidenhairTree
1357,268,Birch
828,1367,Palm
802,1779,PlaneTree
929,1505,Polar
1923,1931,MaidenhairTree
45,1466,Palm
1644,1252,Palm
554,1901,Birch
312,318,Pine
1700,730,Birch
465,1914,Pine
740,277,Birch
1860,330,Pine
1032,1454,Pine
1965,1446,Palm
1410,1765,MaidenhairTree
1339,852,Polar
679,990,Palm
388,1013,Cedar
686,1451,Palm
217,1791,MaidenhairTree
148,1073,Birch
145,85,MaidenhairTree
1086,1691,Birch
1240,1762,PlaneTree
1303,1321,Palm
1297,1322,MaidenhairTree
1483,694,Polar
442,1530,PlaneTree
1056,722,Polar
1764,692,Polar
1157,776,Palm
958,1433,PlaneTree
1246,1487,MaidenhairTree
506,1882,PlaneTree
358,1522,Birch
1330,496,PlaneTree
461,1122,PlaneTree
1778,666,Birch
552,1652,Polar
326,154,Cedar
794,822,Cedar
1243,1020,Polar
842,193,Birch
32,1744,Polar
1401,192,Birch
162,562,Palm
972,1511,Polar
577,1155,Cedar
100,1152,Pine
1145,973,Palm
389,76,Birch
698,1094,Palm
458,1838,Polar
1224,139,Birch
1384,1842,Pine
316,1369,Birch
1526,195,Cedar
846,1247,Polar
47,143,Pine
806,1460,PlaneTree
1604,207,Birch
688,933,Pine
1252,523,PlaneTree
11,779,PlaneTree
1718,114,Polar
1765,550,Polar
1602,1991,Cedar
53,1438,Cedar
1678,93,Palm
1482,255,PlaneTree
1663,1344,Polar
1433,590,Birch
1097,51,Palm
78,470,PlaneTree
331,1659,Cedar
786,1580,Pine
546,342,Cedar
493,439,PlaneTree
1515,450,Pine
449,1307,Palm
596,930,Pine
787,1114,Cedar
826,1206,Pine
1626,1203,PlaneTree
904,1021,Palm
967,481,Palm
744,1228,PlaneTree
1612,374,Palm
395,1609,MaidenhairTree
1232,681,Pine
1150,1960,Palm
2,518,Palm
1597,120,Birch
1615,1259,MaidenhairTree
928,609,PlaneTree
1028,422,Birch
1347,292,Polar
27,925,Cedar
1118,1130,Cedar
1831,1832,Polar
360,1294,Palm
1959,46,Polar
436,105,MaidenhairTree
1516,1127,Polar
1988,766,Pine
398,1971,Palm
1546,321,Palm
505,38,Pine
304,877,Cedar
289,906,Pine
1925,1722,Pine
1541,1703,Palm
762,1827,Pine
1087,132,Pine
397,310,Pine
1015,828,Palm
342,1295,MaidenhairTree
1253,490,Birch
1766,1844,Birch
992,854,PlaneTree
589,721,Pine
182,515,Cedar
1611,994,Cedar
1692,635,Polar
1568,1607,MaidenhairTree
1617,1319,PlaneTree
261,1706,MaidenhairTree
287,388,Cedar
1187,1658,Palm
659,1379,Cedar
647,1431,Palm
1757,1191,Pine
612,272,PlaneTree
1899,1104,Cedar
943,1728,Cedar
587,614,Polar
1952,853,Pine
167,1113,Palm
1625,964,Cedar
1900,1797,PlaneTree
1,281,Polar
1307,1111,Cedar
965,1612,Pine
1289,1540,Pine
404,124,Cedar
1065,1591,Pine
1567,1352,MaidenhairTree
1758,565,Polar
627,608,Cedar
857,1707,Pine
138,1057,Birch
1632,1739,Birch
1356,1891,Cedar
1050,992,Cedar
1098,1432,Cedar
1208,1622,Pine
321,1059,Polar
408,423,MaidenhairTree
1609,742,Pine
557,1278,Birch
341,1282,Polar
1853,1333,PlaneTree
1216,1320,MaidenhairTree
1645,128,Birch
1658,1058,PlaneTree
1928,1023,Polar
1940,357,Birch
782,1447,Palm
1470,1265,Birch
1223,1328,PlaneTree
369,391,Palm
991,1966,PlaneTree
1264,1034,Pine
1513,1241,Birch
1481,764,MaidenhairTree
103,1998,Palm
1719,1066,Cedar
1091,1908,MaidenhairTree
712,1251,Palm
1844,549,Polar
1221,443,Pine
147,1975,Palm
1402,1202,Birch
973,168,MaidenhairTree
274,1361,Pine
1770,672,Cedar
1196,219,Birch
399,1346,MaidenhairTree
1535,1053,PlaneTree
1559,107,Cedar
93,1684,Polar
1740,489,Palm
1037,1044,MaidenhairTree
410,819,Pine
519,1169,Polar
838,1586,Birch
37,944,Palm
213,427,Palm
1993,184,Birch
1161,823,Palm
1331,1646,PlaneTree
605,1185,Palm
995,1368,Cedar
1879,514,Birch
101,697,MaidenhairTree
976,628,Cedar
1469,1129,Polar
1525,1673,PlaneTree
936,1523,Cedar
933,547,Palm
649,1392,Polar
687,927,Palm
1734,278,Polar
618,1373,Birch
236,1772,Polar
4,564,MaidenhairTree
1901,665,Polar
1199,204,Birch
1335,152,Cedar
396,698,MaidenhairTree
1267,1818,Pine
1729,1920,Pine
1370,1147,Palm
1244,1623,Palm
22,1513,MaidenhairTree
1170,505,MaidenhairTree
1875,1055,Palm
1332,1672,Polar
130,4,Pine
1967,967,MaidenhairTree
1352,1334,MaidenhairTree
68,275,MaidenhairTree
1359,58,PlaneTree
979,289,Polar
1396,837,Palm
544,928,Birch
418,1582,Polar
350,1393,Polar
1317,1311,Palm
170,1212,Polar
1274,1941,Polar
1669,1860,Birch
1485,181,Polar
87,630,Polar
1090,767,Palm
1142,1679,Cedar
1894,1518,Pine
1421,618,Pine
184,741,Birch
406,1531,Polar
996,1520,Polar
1479,147,MaidenhairTree
768,136,Cedar
1066,788,PlaneTree
207,1200,Pine
877,1150,MaidenhairTree
1816,1457,Cedar
1023,601,Birch
334,1220,MaidenhairTree
72,659,MaidenhairTree
250,1976,Birch
1038,1929,Birch
1322,1985,MaidenhairTree
202,1195,Cedar
1212,1807,PlaneTree
1220,1120,Palm
1158,113,Palm
1834,1610,Cedar
919,1879,Birch
925,1999,Polar
332,94,PlaneTree
390,1046,Birch
1752,270,Palm
255,1969,Birch
1029,1855,Cedar
1428,459,Cedar
112,1770,Cedar
1628,1880,Cedar
211,702,Palm
1946,319,Cedar
908,568,PlaneTree
1717,1516,MaidenhairTree
566,800,Polar
1569,1541,Pine
1915,688,PlaneTree
1607,1553,MaidenhairTree
765,253,Palm
1159,486,Cedar
1341,1177,Pine
571,777,Cedar
664,1669,MaidenhairTree
1422,221,MaidenhairTree
114,791,PlaneTree
1975,814,PlaneTree
575,45,Birch
1148,1381,Cedar
1136,1317,MaidenhairTree
434,465,Cedar
878,14,Birch
579,941,Birch
1446,675,PlaneTree
1147,1866,PlaneTree
514,1397,Polar
657,1583,PlaneTree
708,1604,Cedar
1998,782,Palm
1206,362,MaidenhairTree
239,566,Cedar
568,520,Birch
1739,1947,Palm
301,1329,Birch
29,1145,MaidenhairTree
150,1135,Cedar
256,1473,Pine
565,1713,Palm
1817,1555,Birch
989,1815,Cedar
98,865,MaidenhairTree
834,335,Palm
1298,477,MaidenhairTree
1962,116,Birch
1140,1074,PlaneTree
489,73,Pine
1507,1439,PlaneTree
1260,1648,Birch
1995,1359,Pine
735,732,Birch
503,551,Cedar
1528,1614,PlaneTree
756,199,PlaneTree
1574,1581,Birch
444,54,Palm
1508,1292,Pine
831,453,Palm
864,910,Cedar
496,576,Polar
258,474,Cedar
1362,642,Pine
1684,762,MaidenhairTree
1587,303,Birch
276,641,PlaneTree
1451,408,MaidenhairTree
1186,736,Pine
1970,768,Cedar
1754,1005,Birch
1775,1260,Polar
1271,607,PlaneTree
1927,16,Cedar
1919,1697,Polar
1652,1395,Palm
1639,1775,Palm
191,495,MaidenhairTree
1618,214,Polar
1756,217,Polar
1821,606,Palm
790,1989,PlaneTree
603,838,MaidenhairTree
143,723,Polar
730,526,Pine
1137,1143,Polar
953,1629,MaidenhairTree
1551,63,MaidenhairTree
1209,1647,Birch
930,1262,PlaneTree
462,1671,Palm
133,34,Pine
12,1573,Pine
1068,1476,MaidenhairTree
581,1641,PlaneTree
243,1948,Birch
1544,87,Pine
28,1470,Polar
1217,1757,Cedar
1457,265,Birch
1193,1443,Pine
811,79,MaidenhairTree
1828,1774,Palm
1761,1536,PlaneTree
633,137,Pine
1078,1351,Polar
1109,1054,Birch
1061,1372,Pine
1372,1767,MaidenhairTree
1961,1836,PlaneTree
1222,1208,Cedar
1855,425,Cedar
747,1275,MaidenhairTree
592,669,Palm
619,1136,Cedar
1623,875,Cedar
92,1675,MaidenhairTree
285,1876,Polar
1388,786,Polar
158,378,Birch
1744,649,Pine
204,713,MaidenhairTree
599,1822,Polar
912,1696,Birch
559,382,Palm
835,599,Birch
46,1564,Cedar
866,1,Pine
1416,1899,Cedar
352,652,Palm
1242,631,MaidenhairTree
306,1016,MaidenhairTree
379,668,Pine
220,1923,MaidenhairTree
902,1952,Birch
1425,1741,Birch
1279,1139,Cedar
1004,390,Pine
7,449,MaidenhairTree
1225,131,PlaneTree
830,700,Pine
1795,1537,Birch
233,156,Pine
597,396,MaidenhairTree
1749,1724,Pine
934,145,Cedar
942,1461,Cedar
1592,1738,Palm
784,297,Pine
438,81,MaidenhairTree
573,1918,Cedar
583,317,MaidenhairTree
1707,685,MaidenhairTree
14,1106,Palm
1430,1079,Polar
537,200,Birch
1487,485,Birch
526,1859,Polar
230,1140,Cedar
124,1962,Polar
1564,1708,Palm
1111,1157,PlaneTree
238,1458,Birch
1429,561,Birch
413,1616,Palm
1966,381,MaidenhairTree
1135,462,PlaneTree
897,242,PlaneTree
345,945,MaidenhairTree
105,95,Palm
270,1293,Polar
623,1370,Birch
20,306,Palm
333,1018,MaidenhairTree
126,808,Birch
1874,995,MaidenhairTree
704,858,Pine
622,1142,MaidenhairTree
580,1474,Polar
1796,1972,Palm
932,1627,Polar
229,171,Birch
1601,1008,Palm
1557,924,Pine
1890,1740,Palm
224,291,Birch
1944,1042,Polar
529,920,Cedar
497,225,PlaneTree
653,191,Pine
354,487,Polar
375,1992,Polar
699,327,PlaneTree
1025,572,Polar
678,1661,PlaneTree
1249,1840,MaidenhairTree
736,1521,PlaneTree
247,1967,PlaneTree
844,1138,PlaneTree
1514,580,Birch
887,1944,MaidenhairTree
1185,1096,Pine
935,802,Palm
1847,1783,MaidenhairTree
754,532,PlaneTree
1407,228,PlaneTree
42,525,Cedar
469,985,Polar
1241,1512,Birch
1872,82,Pine
1076,1682,Palm
1197,542,Polar
1486,821,PlaneTree
1011,857,Pine
1304,983,Birch
1506,849,Palm
309,97,Birch
1936,1237,Birch
1895,1378,MaidenhairTree
1048,513,Polar
882,26,Palm
1543,953,Polar
77,705,Birch
1616,1441,Pine
970,836,Palm
1495,1572,PlaneTree
985,1597,Cedar
386,1110,Polar
240,1401,Pine
1509,172,Palm
1214,1942,PlaneTree
1420,308,Palm
1562,626,Birch
850,1263,Pine
693,100,Polar
1127,1015,Polar
48,395,Birch
1636,1888,Polar
1985,52,Palm
1753,1567,PlaneTree
718,916,MaidenhairTree
569,223,MaidenhairTree
1042,288,Palm
606,797,Birch
200,1688,Palm
370,1980,Birch
1049,337,MaidenhairTree
1785,20,MaidenhairTree
419,108,PlaneTree
373,210,Cedar
518,639,Palm
1263,1784,Pine
1471,1726,Cedar
1139,1360,Palm
1904,1926,Cedar
924,771,Pine
1731,1160,Cedar
1743,1982,MaidenhairTree
1641,246,PlaneTree
739,1229,MaidenhairTree
1364,1153,Pine
964,1176,Cedar
1852,965,Pine
1110,1895,Pine
3,491,Polar
445,1649,MaidenhairTree
1818,161,Palm
1519,999,MaidenhairTree
854,65,Pine
1437,1571,Pine
339,592,Pine
1443,1674,Cedar
160,1624,Polar
1929,511,PlaneTree
206,480,Palm
382,843,Birch
237,691,Cedar
950,153,Palm
870,867,Palm
1780,1946,Polar
1458,1163,Birch
630,92,Birch
84,560,Pine
1911,901,Palm
1386,373,Polar
1093,1854,PlaneTree
1194,185,Birch
1371,1410,Palm
626,1630,Polar
1051,1887,Palm
73,170,Birch
650,1093,Birch
1398,1214,MaidenhairTree
154,494,Cedar
383,798,Cedar
70,343,Polar
723,471,Cedar
931,257,Birch
452,1283,PlaneTree
521,1162,MaidenhairTree
1302,876,Polar
327,1060,PlaneTree
947,1199,Pine
451,1619,Palm
1703,1159,PlaneTree
1315,1517,PlaneTree
1295,536,Palm
547,787,Cedar
689,1620,Birch
1001,1996,Birch
1497,534,Polar
443,130,Polar
1527,1146,Cedar
1123,527,Palm
49,231,Pine
860,755,Palm
125,420,Cedar
1333,1144,Pine
1320,1335,MaidenhairTree
298,1475,Cedar
815,258,Pine
464,680,MaidenhairTree
251,1806,PlaneTree
1790,1486,PlaneTree
1774,160,Cedar
1640,1414,PlaneTree
827,1819,PlaneTree
1876,563,Pine
716,1248,Palm
1173,28,Palm
1245,1404,Cedar
271,119,Birch
998,1364,Cedar
192,183,PlaneTree
24,848,PlaneTree
951,347,Palm
1452,739,Palm
453,1149,Pine
1814,322,Cedar
1499,949,Palm
1340,548,Polar
528,206,Pine
1010,909,Pine
1830,1037,MaidenhairTree
488,1837,PlaneTree
113,1685,Polar
283,75,Pine
611,1903,PlaneTree
478,1664,Palm
1454,421,PlaneTree
1982,718,Birch
1682,1556,Birch
1283,552,Cedar
1788,1764,Birch
223,164,Cedar
705,1803,PlaneTree
1538,1804,Birch
881,280,PlaneTree
926,455,Cedar
1573,1089,PlaneTree
1763,1595,Pine
1851,415,Polar
538,340,Polar
164,881,Cedar
1219,169,Palm
432,1427,Pine
1167,264,Polar
763,1444,Palm
1733,581,MaidenhairTree
430,1695,Pine
1782,67,Cedar
5,392,Birch
981,1240,Pine
1294,1269,MaidenhairTree
178,339,Birch
1031,1081,Polar
440,815,Pine
635,759,PlaneTree
524,426,Palm
1270,418,PlaneTree
880,1426,Palm
104,1398,MaidenhairTree
671,937,Cedar
551,311,Palm
1520,307,Palm
166,121,Palm
1849,484,MaidenhairTree
257,300,Pine
1166,8,Polar
1537,663,Pine
1655,893,Cedar
1862,1308,PlaneTree
56,1554,PlaneTree
1708,1341,MaidenhairTree
656,1371,PlaneTree
1151,1357,Polar
62,1834,Palm
353,670,Pine
16,1720,MaidenhairTree
1215,377,Polar
58,1242,Pine
1256,574,Palm
983,980,MaidenhairTree
381,365,Polar
717,175,PlaneTree
499,1235,MaidenhairTree
1659,1596,PlaneTree
858,958,PlaneTree
1713,870,PlaneTree
1924,424,Birch
1419,1133,PlaneTree
1345,1032,PlaneTree
0,1900,Palm
33,316,Polar
1234,1469,Palm
1892,987,Cedar
1585,884,PlaneTree
675,1621,Polar
1906,986,MaidenhairTree
198,1970,Cedar
1698,629,Polar
1385,1345,MaidenhairTree
1676,1715,Cedar
695,1338,Palm
1839,140,Palm
1668,1826,MaidenhairTree
1442,1662,Palm
387,198,PlaneTree
670,1858,Pine
832,1959,Birch
684,1006,PlaneTree
534,886,Palm
720,1399,Pine
117,1729,MaidenhairTree
1622,1455,Cedar
55,512,MaidenhairTree
1343,224,Pine
669,220,MaidenhairTree
1438,1418,Cedar
672,187,MaidenhairTree
1184,1244,Pine
1213,60,Birch
1427,968,Palm
585,1207,Pine
1201,1937,Pine
873,1968,MaidenhairTree
367,1128,Polar
1191,352,Pine
1291,1714,Cedar
1984,1805,PlaneTree
814,1354,Cedar
1724,1409,Birch
1310,1062,Cedar
1305,363,Birch
1134,68,Pine
1912,133,PlaneTree
50,753,Cedar
800,467,Polar
1445,710,Pine
417,789,MaidenhairTree
1189,1189,MaidenhairTree
393,926,PlaneTree
1254,1956,Birch
1745,478,Pine
1576,1524,MaidenhairTree
472,386,Palm
1943,36,Cedar
758,972,Birch
36,1080,MaidenhairTree
1647,889,Polar
422,1178,Palm
888,598,Birch
574,202,Pine
1259,731,Birch
1436,589,Polar
1575,1356,MaidenhairTree
937,533,Polar
954,445,Birch
1459,962,PlaneTree
1593,1800,Pine
837,309,Pine
1571,1839,Birch
1373,1009,MaidenhairTree
1165,1635,Cedar
1681,1910,PlaneTree
1787,370,Cedar
63,830,Cedar
963,1313,Polar
427,123,Birch
280,701,MaidenhairTree
1321,1271,Pine
81,1108,Birch
1871,394,Palm
1841,709,Pine
1553,1274,Pine
1326,250,MaidenhairTree
459,1314,Cedar
997,1164,Birch
843,918,Pine
940,693,Polar
1268,1411,Pine
749,354,Pine
169,1894,Palm
1560,218,Pine
833,584,Pine
1613,1552,Pine
706,1298,Birch
1891,706,Cedar
986,1028,Polar
1449,1660,Cedar
1282,874,Polar
541,472,Cedar
1462,442,Palm
1869,1109,PlaneTree
901,1788,Cedar
883,751,Polar
1964,922,Pine
173,1733,PlaneTree
199,1452,MaidenhairTree
1248,359,Palm
183,208,MaidenhairTree
215,957,MaidenhairTree
1014,708,Polar
475,1051,PlaneTree
273,1681,Birch
490,126,Polar
994,541,Polar
300,1964,Birch
731,750,Pine
1119,1759,Pine
1126,621,MaidenhairTree
1073,212,Birch
1523,1579,Cedar
1053,1704,Birch
500,101,Pine
1603,431,Pine
1105,1848,Polar
1114,1846,Pine
969,1123,Birch
1130,24,Polar
813,1349,Birch
1365,57,PlaneTree
907,1300,Cedar
872,336,MaidenhairTree
1696,1945,PlaneTree
1694,826,PlaneTree
319,372,PlaneTree
302,261,Birch
234,282,Pine
1664,1172,MaidenhairTree
401,521,Birch
1867,610,MaidenhairTree
1027,882,Polar
1776,775,Palm
69,1889,Birch
1131,103,Cedar
822,1327,Pine
318,524,Birch
535,1453,Pine
425,19,Polar
1172,375,Polar
1800,1865,Palm
111,239,Palm
1550,1782,PlaneTree
978,305,Palm
531,1437,Pine
852,894,Polar
536,998,Polar
357,653,Birch
269,539,Pine
1102,1339,PlaneTree
1842,1430,Polar
927,573,PlaneTree
1418,165,Cedar
1059,804,Cedar
1327,1730,Cedar
1888,1984,Palm
252,780,Cedar
348,888,Cedar
403,678,Polar
640,553,Cedar
268,1380,PlaneTree
727,1559,Birch
1496,1171,Polar
405,260,Birch
1784,829,Polar
477,434,MaidenhairTree
171,1751,MaidenhairTree
1280,1098,PlaneTree
94,997,PlaneTree
1353,660,Birch
899,1813,Pine
1981,1955,Palm
1301,988,Birch
13,1830,Polar
576,1097,MaidenhairTree
613,662,MaidenhairTree
1035,1270,MaidenhairTree
260,1585,Polar
1556,11,Cedar
567,1084,MaidenhairTree
1019,1471,Birch
1680,1323,Palm
617,1222,Cedar
1055,1631,PlaneTree
896,1732,Palm
168,744,MaidenhairTree
778,77,MaidenhairTree
290,794,Pine
225,1502,MaidenhairTree
553,1565,PlaneTree
1334,908,Pine
771,274,Birch
1605,966,Cedar
1012,1617,Polar
1494,1911,Pine
208,1953,Palm
564,475,Polar
1987,1496,MaidenhairTree
1455,921,Cedar
757,915,Pine
1200,839,Polar
1156,259,Palm
1169,294,Pine
180,1085,Pine
1878,737,PlaneTree
1656,978,Palm
1642,1997,Palm
1886,407,MaidenhairTree
1312,1261,Polar
343,1225,Palm
1974,769,Polar
1885,703,Polar
1456,1340,Birch
732,464,Palm
1715,1050,MaidenhairTree
1360,1243,MaidenhairTree
498,1548,PlaneTree
1637,410,Palm
1351,1462,Palm
385,189,Pine
644,1701,Cedar
1369,1933,PlaneTree
1976,634,PlaneTree
956,1690,Cedar
1016,1099,Polar
1786,338,Polar
1517,1000,MaidenhairTree
1793,1750,Birch
277,1995,Cedar
660,1809,Cedar
329,1938,Palm
1465,1029,Palm
774,1626,Birch
1238,1125,Cedar
1207,1686,PlaneTree
1374,144,Birch
1116,1419,Pine
624,1312,Polar
776,1906,Cedar
1163,855,Pine
1286,765,Cedar
1195,1342,Polar
982,785,MaidenhairTree
1907,1932,Cedar
212,1132,MaidenhairTree
750,784,PlaneTree
532,356,Polar
1190,719,MaidenhairTree
1393,243,Birch
770,1893,Polar
1755,47,Pine
915,1174,PlaneTree
1036,726,Birch
1941,30,PlaneTree
1432,622,Palm
1806,1781,Palm
218,1958,PlaneTree
1633,947,Palm
1979,429,Cedar
1799,1761,MaidenhairTree
1913,263,Birch
54,1402,MaidenhairTree
1819,1115,Palm
974,847,Birch
1591,1209,Palm
291,1749,Birch
1512,1279,Cedar
1346,461,Palm
707,1301,MaidenhairTree
779,1465,PlaneTree
807,1535,PlaneTree
1881,211,MaidenhairTree
1046,1490,PlaneTree
448,1362,Cedar
80,1065,MaidenhairTree
871,871,Polar
1779,245,Birch
990,1863,Pine
64,159,Cedar
1635,1363,PlaneTree
1868,1277,Palm
1969,1611,Pine
674,975,Cedar
853,1012,PlaneTree
420,833,PlaneTree
266,956,PlaneTree
25,1210,Pine
804,860,PlaneTree
1971,582,PlaneTree
700,1468,Birch
1096,935,PlaneTree
296,1526,Palm
359,176,Birch
1081,1154,MaidenhairTree
157,115,Birch
209,295,Polar
1939,1031,Pine
769,807,Birch
558,1902,Birch
120,770,MaidenhairTree
819,1268,Pine
1825,917,Cedar
772,222,MaidenhairTree
1141,389,Polar
645,1835,PlaneTree
118,647,PlaneTree
796,1440,Polar
123,326,Birch
1414,150,Birch
885,1625,Palm
74,960,Palm
281,1978,PlaneTree
893,1702,Palm
676,1501,Pine
95,1448,Palm
1660,1868,MaidenhairTree
1829,976,Polar
591,1227,MaidenhairTree
1392,1849,Cedar
1627,1592,Pine
715,891,Cedar
714,22,Polar
1498,1557,Cedar
262,932,PlaneTree
595,1186,PlaneTree
1789,1137,PlaneTree
944,122,Palm
320,1024,Cedar
1308,1216,Palm
1863,329,Palm
1531,1551,MaidenhairTree
210,1756,PlaneTree
1710,638,MaidenhairTree
1742,1569,MaidenhairTree
447,1977,Pine
895,827,Polar
648,1095,Cedar
1382,1377,Polar
411,1645,Birch
495,863,MaidenhairTree
639,1877,Cedar
1759,778,MaidenhairTree
1580,1420,Cedar
1292,312,Palm
1143,1771,Polar
824,902,Pine
891,417,MaidenhairTree
1837,1794,PlaneTree
631,1963,PlaneTree
615,1598,Palm
